{"total_records": 1000, "purchase_rate": 0.272, "age_distribution": {"18-25": 184, "26-35": 247, "36-45": 227, "46+": 342}, "gender_distribution": {"Male": 550, "Female": 450}, "purchase_by_gender": {"Male": 0.58, "Female": 0.65}, "purchase_by_age_group": {"18-25": 0.30434782608695654, "26-35": 0.27125506072874495, "36-45": 0.2555066079295154, "46+": 0.26608187134502925}}